# ğŸ‘†ğŸ‘†MySQLå…¥é—¨
# DBMS æ•°æ®åº“ç®¡ç†ç³»ç»Ÿ
>>sql å…³è”å¼æ•°æ®åº“  ä¾‹å­mysql    ç®€ç§°rdbms

>>nosql éå…³è”æ€§æ•°æ®åº“  ä¾‹å­redis   ç®€ç§°nrdbns



orm æ€æƒ³
orm object retional mapping æ•°æ®åº“ä¸­çš„ä¸€ä¸ªè¡¨ï¼Œå¯¹åº”pythonä¸­çš„ä¸€ä¸ªç±»ã€‚
è¡¨ä¸­çš„çš„ä¸€æ¡æ•°æ®ï¼Œå’ŒJavaæˆ–è€…pythonä¸­çš„ä¸€ä¸ªå®ä½“ç›¸å¯¹åº”ã€‚























# cmd>>MySQL _uroot _proot
# show databases; æŸ¥çœ‹æ‰€æœ‰æ•°æ®åº“
# use mydata; è¿›å…¥mydataçš„æ•°æ®åº“
# show tables; æŸ¥çœ‹mydataæ•°æ®åº“çš„æ‰€ä»¥è¡¨æ ¼
# select * from dish; æŸ¥çœ‹è¡¨æ ¼ä¸­çš„dishæ•°æ®çš„å…¨éƒ¨ï¼›
# desc emp;
# select version(); æŸ¥çœ‹mysqlçš„ç‰ˆæœ¬ã€‚
# select * from weather;  æ˜¾ç¤ºweatherä¸­çš„å…¨éƒ¨æ•°æ®ã€‚
# select men,women,girl,boy,spring,summer from weather;  æ˜¾ç¤ºweatherä¸­men,women,girl,spring,summerçš„æ•°æ®ã€‚


# exit;    é€€å‡ºæ•°æ®åº“
# create database good;  åˆ›å»ºä¸€ä¸ªgoodæ•°æ®åº“
# source c://desktop/sol.sql  å¯¼å…¥åœ¨ç”µè„‘æ¡Œé¢çš„sol.sqlçš„æ•°æ®è¡¨æ ¼
# select boy as boys from weatherï¼›  ä¸´æ—¶å°†boyä¿®æ”¹ä¸ºboys
# select women as "r tt" from weather;ä¸´æ—¶å°†womenä¿®æ”¹ä¸ºr tt æœ‰ç©ºæ ¼æ—¶ï¼Œç›´æ¥å°†ç”¨â€œ å†…å®¹ â€ã€‚
#   weatherä¸­çš„fallå…¨éƒ¨ä¹˜æ•°8 å¾—åˆ°çš„å€¼ã€‚
<<<<<<< HEAD
# select fall*8 from weather;  
| fall*8 |
+--------+
|     72 |
|     64 |
|     72 |
|      8 |
|     48 |
+--------+
5 rows in set (0.00 sec)
=======

<<<<<<< HEAD
# select fall*12 yearshall from weather;
+-----------+
| yearshall |
+-----------+
|       108 |
|        96 |
|       108 |
|        12 |
|        72 |
+-----------+
5 rows in set (0.00 sec)
=======

# æ¡ä»¶åˆ¤æ–­å’Œå¤§å°çš„æ¯”è¾ƒã€‚é€‰æ‹©å‡ºç¬¦åˆå¤§å°æ¡ä»¶çš„æ•°æ®ã€‚
# select men,girl,fall from weather where fall >= 6;
+------+------+------+
| men  | girl | fall |
+------+------+------+
|    3 |    5 |    9 |
|    1 |    6 |    8 |
|    4 |   56 |    9 |
|   12 |   34 |    6 |
+------+------+------+
4 rows in set (0.00 sec)
<!-- åœ¨æ•°æ®åº“ä¸­å°†and æ¡ä»¶éƒ½ç¬¦åˆçš„æ•°æ®éƒ½å–å‡ºæ¥ã€‚ -->
#  select men,girl,fall from weather where fall>= 6 and fall<=8;
<!-- select men,girl,fall from weather fall between 6 and 8;-->
+------+------+------+
| men  | girl | fall |
+------+------+------+
|    1 |    6 |    8 |
|   12 |   34 |    6 |
+------+------+------+
2 rows in set (0.00 sec)




#  select men,women,girl,boy,spring,summer,fall,winter from weather where girl is null;
+------+-------+------+------+--------+--------+------+--------+
| men  | women | girl | boy  | spring | summer | fall | winter |
+------+-------+------+------+--------+--------+------+--------+
|    4 |  NULL | NULL |    0 | y      |        |    8 |      9 |
+------+-------+------+------+--------+--------+------+--------+
1 row in set (0.00 sec)

# æ ¹æ®æ¡ä»¶girl is null åœ¨æ•°æ®è¡¨ä¸­ç­›é€‰å‡ºç¬¦åˆæ¡ä»¶çš„æ•°æ®ã€‚
# or æ¡ä»¶è¯­å¥ï¼Œè¿›è¡Œæ¯”è¾ƒã€‚or åªé€‚ç”¨äºåŒä¸€ä¸ªå­—çš„è¯­å¥ï¼Œ   and åªé€‚ç”¨äºä¸åŒçš„å­—æ®µã€‚
and or çš„ä¼˜å…ˆçº§è¿›è¡Œæ¯”è¾ƒ
or çš„ä¼˜å…ˆçº§åˆ«æ˜¯è¦å¤§äºand çš„ä¼˜å…ˆçº§åˆ«çš„



# in çš„è¿ç”¨ï¼Œfall in(8,6)
# not inçš„è¿ç”¨  fall not in(8,6)

select * from weather where fall in(8,6); è¡¨ç¤ºçš„æ˜¯fall **ç­‰äº** 8ï¼Œ6çš„æ•°æ¥ç›´æ¥ç­›é€‰å‡ºæ¥ã€‚


+------+-------+------+------+--------+--------+------+--------+
| men  | women | girl | boy  | spring | summer | fall | winter |
+------+-------+------+------+--------+--------+------+--------+
|    1 |     1 |    6 |    6 | hj     | 9      |    8 |      0 |
|    4 |  NULL | NULL |    0 | y      |        |    8 |      9 |
|   12 |    23 | NULL |    5 | 6      | 6      |    6 |      6 |
+------+-------+------+------+--------+--------+------+--------+
3 rows in set (0.00 sec)

select * from weather where fall not in(8,6);    è¡¨ç¤ºçš„æ˜¯fall **ä¸ç­‰äº** 8ï¼Œ6çš„æ•°æ¥ç›´æ¥ç­›é€‰å‡ºæ¥ã€‚


+------+-------+------+------+--------+--------+------+--------+
| men  | women | girl | boy  | spring | summer | fall | winter |
+------+-------+------+------+--------+--------+------+--------+
|    3 |     4 |    5 |    6 | 7      | 7      |    9 |      0 |
|    2 |     3 |    2 |    1 | 1      | 3      |    1 |      3 |
+------+-------+------+------+--------+--------+------+--------+
2 rows in set (0.00 sec)


# select * from weather;
+------+-------+------+------+--------+--------+------+--------+
| men  | women | girl | boy  | spring | summer | fall | winter |
+------+-------+------+------+--------+--------+------+--------+
|    3 |     4 |    5 |    6 | 7      | 7      |    9 |      0 |
|    1 |     1 |    6 |    6 | hj     | 9      |    8 |      0 |
|    4 |  NULL | NULL |    0 | y      |        |    8 |      9 |
|    2 |     3 |    2 |    1 | 1      | 3      |    1 |      3 |
|   12 |    23 | NULL |    5 | 6      | 6      |    6 |      6 |
+------+-------+------+------+--------+--------+------+--------+
5 rows in set (0.00 sec)



# mysql ä¸­çš„æ¨¡ç³ŠæŸ¥è¯¢ã€‚




